iso_code,destination,corridor,fee_id,label,category,basis,applies_to,visa_subtype,amount,currency,collection_basis,inr_amount,is_approximate,is_stale,family_cap_amount,family_max_persons,mandatory,verified_on,source_url
at,Austria,schengen,consular_fee_adult,"Schengen visa fee, adult",consular,per_person,adult,short_stay,90,EUR,official_inr,,false,false,,,true,,
at,Austria,schengen,consular_fee_child_6_11,"Schengen visa fee, child 6-11",consular,per_person,child_6_11,short_stay,,EUR,official_inr,,false,false,,,,,
at,Austria,schengen,consular_fee_child_under_6,"Schengen visa fee, child under 6",consular,per_person,child_under_6,short_stay,,EUR,official_inr,,false,false,,,,,
be,Belgium,schengen,consular_fee_adult,"Schengen visa fee, adult",consular,per_person,adult,short_stay,90,EUR,official_inr,,false,false,,,true,,
be,Belgium,schengen,consular_fee_child_6_11,"Schengen visa fee, child 6-11",consular,per_person,child_6_11,short_stay,,EUR,official_inr,,false,false,,,,,
be,Belgium,schengen,consular_fee_child_under_6,"Schengen visa fee, child under 6",consular,per_person,child_under_6,short_stay,,EUR,official_inr,,false,false,,,,,
bg,Bulgaria,schengen,consular_fee_adult,"Schengen visa fee, adult",consular,per_person,adult,short_stay,90,EUR,official_inr,,false,false,,,true,,
bg,Bulgaria,schengen,consular_fee_child_6_11,"Schengen visa fee, child 6-11",consular,per_person,child_6_11,short_stay,,EUR,official_inr,,false,false,,,,,
bg,Bulgaria,schengen,consular_fee_child_under_6,"Schengen visa fee, child under 6",consular,per_person,child_under_6,short_stay,,EUR,official_inr,,false,false,,,,,
ch,Switzerland,schengen,consular_fee_adult,"Schengen visa fee, adult",consular,per_person,adult,short_stay,90,EUR,official_inr,,false,false,,,true,,
ch,Switzerland,schengen,consular_fee_child_6_11,"Schengen visa fee, child 6-11",consular,per_person,child_6_11,short_stay,,EUR,official_inr,,false,false,,,,,
ch,Switzerland,schengen,consular_fee_child_under_6,"Schengen visa fee, child under 6",consular,per_person,child_under_6,short_stay,,EUR,official_inr,,false,false,,,,,
cz,Czechia,schengen,consular_fee_adult,"Schengen visa fee, adult",consular,per_person,adult,short_stay,90,EUR,official_inr,,false,false,,,true,,
cz,Czechia,schengen,consular_fee_child_6_11,"Schengen visa fee, child 6-11",consular,per_person,child_6_11,short_stay,,EUR,official_inr,,false,false,,,,,
cz,Czechia,schengen,consular_fee_child_under_6,"Schengen visa fee, child under 6",consular,per_person,child_under_6,short_stay,,EUR,official_inr,,false,false,,,,,
de,Germany,schengen,consular_fee_adult,"Schengen visa fee, adult",consular,per_person,adult,short_stay,90,EUR,official_inr,,false,false,,,true,,
de,Germany,schengen,consular_fee_child_6_11,"Schengen visa fee, child 6-11",consular,per_person,child_6_11,short_stay,,EUR,official_inr,,false,false,,,,,
de,Germany,schengen,consular_fee_child_under_6,"Schengen visa fee, child under 6",consular,per_person,child_under_6,short_stay,,EUR,official_inr,,false,false,,,,,
dk,Denmark,schengen,consular_fee_adult,"Schengen visa fee, adult",consular,per_person,adult,short_stay,90,EUR,official_inr,,false,false,,,true,,
dk,Denmark,schengen,consular_fee_child_6_11,"Schengen visa fee, child 6-11",consular,per_person,child_6_11,short_stay,,EUR,official_inr,,false,false,,,,,
dk,Denmark,schengen,consular_fee_child_under_6,"Schengen visa fee, child under 6",consular,per_person,child_under_6,short_stay,,EUR,official_inr,,false,false,,,,,
ee,Estonia,schengen,consular_fee_adult,"Schengen visa fee, adult",consular,per_person,adult,short_stay,90,EUR,official_inr,,false,false,,,true,,
ee,Estonia,schengen,consular_fee_child_6_11,"Schengen visa fee, child 6-11",consular,per_person,child_6_11,short_stay,,EUR,official_inr,,false,false,,,,,
ee,Estonia,schengen,consular_fee_child_under_6,"Schengen visa fee, child under 6",consular,per_person,child_under_6,short_stay,,EUR,official_inr,,false,false,,,,,
es,Spain,schengen,consular_fee_adult,"Schengen visa fee, adult",consular,per_person,adult,short_stay,90,EUR,official_inr,,false,false,,,true,,
es,Spain,schengen,consular_fee_child_6_11,"Schengen visa fee, child 6-11",consular,per_person,child_6_11,short_stay,,EUR,official_inr,,false,false,,,,,
es,Spain,schengen,consular_fee_child_under_6,"Schengen visa fee, child under 6",consular,per_person,child_under_6,short_stay,,EUR,official_inr,,false,false,,,,,
fi,Finland,schengen,consular_fee_adult,"Schengen visa fee, adult",consular,per_person,adult,short_stay,90,EUR,official_inr,,false,false,,,true,,
fi,Finland,schengen,consular_fee_child_6_11,"Schengen visa fee, child 6-11",consular,per_person,child_6_11,short_stay,,EUR,official_inr,,false,false,,,,,
fi,Finland,schengen,consular_fee_child_under_6,"Schengen visa fee, child under 6",consular,per_person,child_under_6,short_stay,,EUR,official_inr,,false,false,,,,,
fr,France,schengen,consular_fee_adult,"Schengen visa fee, adult",consular,per_person,adult,short_stay,90,EUR,official_inr,,false,false,,,true,,https://visa.vfsglobal.com/ind/en/fra/
fr,France,schengen,consular_fee_child_6_11,"Schengen visa fee, child 6-11",consular,per_person,child_6_11,short_stay,,EUR,official_inr,,false,false,,,,,
fr,France,schengen,consular_fee_child_under_6,"Schengen visa fee, child under 6",consular,per_person,child_under_6,short_stay,,EUR,official_inr,,false,false,,,,,
fr,France,schengen,sms_alert_service,SMS application status alerts,optional,per_person,all,,,INR,native_inr,,false,false,,,false,,https://visa.vfsglobal.com/ind/en/fra/
fr,France,schengen,vac_service_charge,VFS service charge,vac,per_person,all,,,INR,native_inr,,false,false,,,true,,https://visa.vfsglobal.com/ind/en/fra/
gr,Greece,schengen,consular_fee_adult,"Schengen visa fee, adult",consular,per_person,adult,short_stay,90,EUR,official_inr,,false,false,,,true,,
gr,Greece,schengen,consular_fee_child_6_11,"Schengen visa fee, child 6-11",consular,per_person,child_6_11,short_stay,,EUR,official_inr,,false,false,,,,,
gr,Greece,schengen,consular_fee_child_under_6,"Schengen visa fee, child under 6",consular,per_person,child_under_6,short_stay,,EUR,official_inr,,false,false,,,,,
hr,Croatia,schengen,consular_fee_adult,"Schengen visa fee, adult",consular,per_person,adult,short_stay,90,EUR,official_inr,,false,false,,,true,,
hr,Croatia,schengen,consular_fee_child_6_11,"Schengen visa fee, child 6-11",consular,per_person,child_6_11,short_stay,,EUR,official_inr,,false,false,,,,,
hr,Croatia,schengen,consular_fee_child_under_6,"Schengen visa fee, child under 6",consular,per_person,child_under_6,short_stay,,EUR,official_inr,,false,false,,,,,
hu,Hungary,schengen,consular_fee_adult,"Schengen visa fee, adult",consular,per_person,adult,short_stay,90,EUR,official_inr,,false,false,,,true,,
hu,Hungary,schengen,consular_fee_child_6_11,"Schengen visa fee, child 6-11",consular,per_person,child_6_11,short_stay,,EUR,official_inr,,false,false,,,,,
hu,Hungary,schengen,consular_fee_child_under_6,"Schengen visa fee, child under 6",consular,per_person,child_under_6,short_stay,,EUR,official_inr,,false,false,,,,,
is,Iceland,schengen,consular_fee_adult,"Schengen visa fee, adult",consular,per_person,adult,short_stay,90,EUR,official_inr,,false,false,,,true,,
is,Iceland,schengen,consular_fee_child_6_11,"Schengen visa fee, child 6-11",consular,per_person,child_6_11,short_stay,,EUR,official_inr,,false,false,,,,,
is,Iceland,schengen,consular_fee_child_under_6,"Schengen visa fee, child under 6",consular,per_person,child_under_6,short_stay,,EUR,official_inr,,false,false,,,,,
it,Italy,schengen,consular_fee_adult,"Schengen visa fee, adult",consular,per_person,adult,short_stay,90,EUR,official_inr,,false,false,,,true,,
it,Italy,schengen,consular_fee_child_6_11,"Schengen visa fee, child 6-11",consular,per_person,child_6_11,short_stay,,EUR,official_inr,,false,false,,,,,
it,Italy,schengen,consular_fee_child_under_6,"Schengen visa fee, child under 6",consular,per_person,child_under_6,short_stay,,EUR,official_inr,,false,false,,,,,
jp,Japan,japan,visa_fee,"Japan visa fee, standard",consular,,all,,,,,,false,false,,,,,https://www.in.emb-japan.go.jp/itpr_en/visa.html
li,Liechtenstein,schengen,consular_fee_adult,"Schengen visa fee, adult",consular,per_person,adult,short_stay,90,EUR,official_inr,,false,false,,,true,,
li,Liechtenstein,schengen,consular_fee_child_6_11,"Schengen visa fee, child 6-11",consular,per_person,child_6_11,short_stay,,EUR,official_inr,,false,false,,,,,
li,Liechtenstein,schengen,consular_fee_child_under_6,"Schengen visa fee, child under 6",consular,per_person,child_under_6,short_stay,,EUR,official_inr,,false,false,,,,,
lt,Lithuania,schengen,consular_fee_adult,"Schengen visa fee, adult",consular,per_person,adult,short_stay,90,EUR,official_inr,,false,false,,,true,,
lt,Lithuania,schengen,consular_fee_child_6_11,"Schengen visa fee, child 6-11",consular,per_person,child_6_11,short_stay,,EUR,official_inr,,false,false,,,,,
lt,Lithuania,schengen,consular_fee_child_under_6,"Schengen visa fee, child under 6",consular,per_person,child_under_6,short_stay,,EUR,official_inr,,false,false,,,,,
lu,Luxembourg,schengen,consular_fee_adult,"Schengen visa fee, adult",consular,per_person,adult,short_stay,90,EUR,official_inr,,false,false,,,true,,
lu,Luxembourg,schengen,consular_fee_child_6_11,"Schengen visa fee, child 6-11",consular,per_person,child_6_11,short_stay,,EUR,official_inr,,false,false,,,,,
lu,Luxembourg,schengen,consular_fee_child_under_6,"Schengen visa fee, child under 6",consular,per_person,child_under_6,short_stay,,EUR,official_inr,,false,false,,,,,
lv,Latvia,schengen,consular_fee_adult,"Schengen visa fee, adult",consular,per_person,adult,short_stay,90,EUR,official_inr,,false,false,,,true,,
lv,Latvia,schengen,consular_fee_child_6_11,"Schengen visa fee, child 6-11",consular,per_person,child_6_11,short_stay,,EUR,official_inr,,false,false,,,,,
lv,Latvia,schengen,consular_fee_child_under_6,"Schengen visa fee, child under 6",consular,per_person,child_under_6,short_stay,,EUR,official_inr,,false,false,,,,,
mt,Malta,schengen,consular_fee_adult,"Schengen visa fee, adult",consular,per_person,adult,short_stay,90,EUR,official_inr,,false,false,,,true,,
mt,Malta,schengen,consular_fee_child_6_11,"Schengen visa fee, child 6-11",consular,per_person,child_6_11,short_stay,,EUR,official_inr,,false,false,,,,,
mt,Malta,schengen,consular_fee_child_under_6,"Schengen visa fee, child under 6",consular,per_person,child_under_6,short_stay,,EUR,official_inr,,false,false,,,,,
nl,Netherlands,schengen,consular_fee_adult,"Schengen visa fee, adult",consular,per_person,adult,short_stay,90,EUR,official_inr,,false,false,,,true,,
nl,Netherlands,schengen,consular_fee_child_6_11,"Schengen visa fee, child 6-11",consular,per_person,child_6_11,short_stay,,EUR,official_inr,,false,false,,,,,
nl,Netherlands,schengen,consular_fee_child_under_6,"Schengen visa fee, child under 6",consular,per_person,child_under_6,short_stay,,EUR,official_inr,,false,false,,,,,
no,Norway,schengen,consular_fee_adult,"Schengen visa fee, adult",consular,per_person,adult,short_stay,90,EUR,official_inr,,false,false,,,true,,
no,Norway,schengen,consular_fee_child_6_11,"Schengen visa fee, child 6-11",consular,per_person,child_6_11,short_stay,,EUR,official_inr,,false,false,,,,,
no,Norway,schengen,consular_fee_child_under_6,"Schengen visa fee, child under 6",consular,per_person,child_under_6,short_stay,,EUR,official_inr,,false,false,,,,,
pl,Poland,schengen,consular_fee_adult,"Schengen visa fee, adult",consular,per_person,adult,short_stay,90,EUR,official_inr,,false,false,,,true,,
pl,Poland,schengen,consular_fee_child_6_11,"Schengen visa fee, child 6-11",consular,per_person,child_6_11,short_stay,,EUR,official_inr,,false,false,,,,,
pl,Poland,schengen,consular_fee_child_under_6,"Schengen visa fee, child under 6",consular,per_person,child_under_6,short_stay,,EUR,official_inr,,false,false,,,,,
pt,Portugal,schengen,consular_fee_adult,"Schengen visa fee, adult",consular,per_person,adult,short_stay,90,EUR,official_inr,,false,false,,,true,,
pt,Portugal,schengen,consular_fee_child_6_11,"Schengen visa fee, child 6-11",consular,per_person,child_6_11,short_stay,,EUR,official_inr,,false,false,,,,,
pt,Portugal,schengen,consular_fee_child_under_6,"Schengen visa fee, child under 6",consular,per_person,child_under_6,short_stay,,EUR,official_inr,,false,false,,,,,
ro,Romania,schengen,consular_fee_adult,"Schengen visa fee, adult",consular,per_person,adult,short_stay,90,EUR,official_inr,,false,false,,,true,,
ro,Romania,schengen,consular_fee_child_6_11,"Schengen visa fee, child 6-11",consular,per_person,child_6_11,short_stay,,EUR,official_inr,,false,false,,,,,
ro,Romania,schengen,consular_fee_child_under_6,"Schengen visa fee, child under 6",consular,per_person,child_under_6,short_stay,,EUR,official_inr,,false,false,,,,,
se,Sweden,schengen,consular_fee_adult,"Schengen visa fee, adult",consular,per_person,adult,short_stay,90,EUR,official_inr,,false,false,,,true,,
se,Sweden,schengen,consular_fee_child_6_11,"Schengen visa fee, child 6-11",consular,per_person,child_6_11,short_stay,,EUR,official_inr,,false,false,,,,,
se,Sweden,schengen,consular_fee_child_under_6,"Schengen visa fee, child under 6",consular,per_person,child_under_6,short_stay,,EUR,official_inr,,false,false,,,,,
si,Slovenia,schengen,consular_fee_adult,"Schengen visa fee, adult",consular,per_person,adult,short_stay,90,EUR,official_inr,,false,false,,,true,,
si,Slovenia,schengen,consular_fee_child_6_11,"Schengen visa fee, child 6-11",consular,per_person,child_6_11,short_stay,,EUR,official_inr,,false,false,,,,,
si,Slovenia,schengen,consular_fee_child_under_6,"Schengen visa fee, child under 6",consular,per_person,child_under_6,short_stay,,EUR,official_inr,,false,false,,,,,
sk,Slovakia,schengen,consular_fee_adult,"Schengen visa fee, adult",consular,per_person,adult,short_stay,90,EUR,official_inr,,false,false,,,true,,
sk,Slovakia,schengen,consular_fee_child_6_11,"Schengen visa fee, child 6-11",consular,per_person,child_6_11,short_stay,,EUR,official_inr,,false,false,,,,,
sk,Slovakia,schengen,consular_fee_child_under_6,"Schengen visa fee, child under 6",consular,per_person,child_under_6,short_stay,,EUR,official_inr,,false,false,,,,,
